{
    "name": "root",
    "gauges": {
        "MoveToGoal.Policy.Entropy.mean": {
            "value": 1.2668123245239258,
            "min": 1.2668123245239258,
            "max": 1.419438123703003,
            "count": 10
        },
        "MoveToGoal.Policy.Entropy.sum": {
            "value": 12749.19921875,
            "min": 12624.0390625,
            "max": 15929.0888671875,
            "count": 10
        },
        "MoveToGoal.Environment.EpisodeLength.mean": {
            "value": 16.090443686006825,
            "min": 16.090443686006825,
            "max": 142.8709677419355,
            "count": 10
        },
        "MoveToGoal.Environment.EpisodeLength.sum": {
            "value": 9429.0,
            "min": 8858.0,
            "max": 10283.0,
            "count": 10
        },
        "MoveToGoal.Step.mean": {
            "value": 99994.0,
            "min": 9944.0,
            "max": 99994.0,
            "count": 10
        },
        "MoveToGoal.Step.sum": {
            "value": 99994.0,
            "min": 9944.0,
            "max": 99994.0,
            "count": 10
        },
        "MoveToGoal.Policy.ExtrinsicValueEstimate.mean": {
            "value": 0.8916641473770142,
            "min": -0.012202885933220387,
            "max": 0.8952264189720154,
            "count": 10
        },
        "MoveToGoal.Policy.ExtrinsicValueEstimate.sum": {
            "value": 522.5151977539062,
            "min": -2.501591682434082,
            "max": 522.5151977539062,
            "count": 10
        },
        "MoveToGoal.Environment.CumulativeReward.mean": {
            "value": 0.9180887372013652,
            "min": -0.3709677419354839,
            "max": 0.9350912778904665,
            "count": 10
        },
        "MoveToGoal.Environment.CumulativeReward.sum": {
            "value": 538.0,
            "min": -23.0,
            "max": 538.0,
            "count": 10
        },
        "MoveToGoal.Policy.ExtrinsicReward.mean": {
            "value": 0.9180887372013652,
            "min": -0.3709677419354839,
            "max": 0.9350912778904665,
            "count": 10
        },
        "MoveToGoal.Policy.ExtrinsicReward.sum": {
            "value": 538.0,
            "min": -23.0,
            "max": 538.0,
            "count": 10
        },
        "MoveToGoal.Losses.PolicyLoss.mean": {
            "value": 0.22534715434619973,
            "min": 0.22534715434619973,
            "max": 0.24848207840179282,
            "count": 10
        },
        "MoveToGoal.Losses.PolicyLoss.sum": {
            "value": 20.055896736811775,
            "min": 8.666538242980659,
            "max": 21.033563930012594,
            "count": 10
        },
        "MoveToGoal.Losses.ValueLoss.mean": {
            "value": 0.015232662510760131,
            "min": 0.0058240856422002545,
            "max": 0.03644355058109085,
            "count": 10
        },
        "MoveToGoal.Losses.ValueLoss.sum": {
            "value": 1.3557069634576517,
            "min": 0.27321049478810755,
            "max": 2.879040495906177,
            "count": 10
        },
        "MoveToGoal.Policy.LearningRate.mean": {
            "value": 0.00024296548193286066,
            "min": 0.00024296548193286066,
            "max": 0.00029706821240583424,
            "count": 10
        },
        "MoveToGoal.Policy.LearningRate.sum": {
            "value": 0.021623927892024598,
            "min": 0.010397387434204198,
            "max": 0.0234976923674362,
            "count": 10
        },
        "MoveToGoal.Policy.Epsilon.mean": {
            "value": 0.18098848764044945,
            "min": 0.18098848764044945,
            "max": 0.19902273714285715,
            "count": 10
        },
        "MoveToGoal.Policy.Epsilon.sum": {
            "value": 16.1079754,
            "min": 6.9657958,
            "max": 16.653061200000003,
            "count": 10
        },
        "MoveToGoal.Policy.Beta.mean": {
            "value": 0.0004068435894382023,
            "min": 0.0004068435894382023,
            "max": 0.0004952114119999999,
            "count": 10
        },
        "MoveToGoal.Policy.Beta.sum": {
            "value": 0.03620907946,
            "min": 0.01733239942,
            "max": 0.039259562619999994,
            "count": 10
        },
        "MoveToGoal.IsTraining.mean": {
            "value": 1.0,
            "min": 1.0,
            "max": 1.0,
            "count": 10
        },
        "MoveToGoal.IsTraining.sum": {
            "value": 1.0,
            "min": 1.0,
            "max": 1.0,
            "count": 10
        }
    },
    "metadata": {
        "timer_format_version": "0.1.0",
        "start_time_seconds": "1697789385",
        "python_version": "3.9.13 (tags/v3.9.13:6de2ca5, May 17 2022, 16:36:42) [MSC v.1929 64 bit (AMD64)]",
        "command_line_arguments": "C:\\Users\\scott\\UTMIST\\MLAgents_Intro\\venv\\Scripts\\mlagents-learn config/movetogoal.yaml --run-id==TestParams --force",
        "mlagents_version": "0.30.0",
        "mlagents_envs_version": "0.30.0",
        "communication_protocol_version": "1.5.0",
        "pytorch_version": "1.10.1+cpu",
        "numpy_version": "1.21.2",
        "end_time_seconds": "1697789662"
    },
    "total": 277.1467771,
    "count": 1,
    "self": 0.007438299999989795,
    "children": {
        "run_training.setup": {
            "total": 0.08533339999999989,
            "count": 1,
            "self": 0.08533339999999989
        },
        "TrainerController.start_learning": {
            "total": 277.0540054,
            "count": 1,
            "self": 0.19783170000079053,
            "children": {
                "TrainerController._reset_env": {
                    "total": 7.3770837,
                    "count": 1,
                    "self": 7.3770837
                },
                "TrainerController.advance": {
                    "total": 269.3612001999992,
                    "count": 9695,
                    "self": 0.15364089999775388,
                    "children": {
                        "env_step": {
                            "total": 153.57991710000073,
                            "count": 9695,
                            "self": 149.08629860000076,
                            "children": {
                                "SubprocessEnvManager._take_step": {
                                    "total": 4.386834899999338,
                                    "count": 9696,
                                    "self": 0.44179869999848265,
                                    "children": {
                                        "TorchPolicy.evaluate": {
                                            "total": 3.945036200000855,
                                            "count": 6748,
                                            "self": 3.945036200000855
                                        }
                                    }
                                },
                                "workers": {
                                    "total": 0.10678360000061993,
                                    "count": 9694,
                                    "self": 0.0,
                                    "children": {
                                        "worker_root": {
                                            "total": 175.2342896000002,
                                            "count": 9694,
                                            "is_parallel": true,
                                            "self": 130.78994969999945,
                                            "children": {
                                                "steps_from_proto": {
                                                    "total": 0.0012246000000013524,